Transcript ID,Transcript Name,Raw Counts,Unique Reads,Ambiguous Reads,Multi-Mapped Reads,Percent of Reads from Ambig,Status,Group,Method
ENST00000282344,USP12-201,3233.904,3133,157,100.904,0.031201915703125385,more_unique,Concordant,HISAT2
ENST00000380752,SLC7A1-201,12572.314,11523,1264,1049.3140000000003,0.08346228069073046,more_unique,Concordant,HISAT2
ENST00000380071,RFC3-201,4367.34,2505,2109,1862.3400000000001,0.42642432235640004,more_unique,Concordant,HISAT2
ENST00000381482,STK35-201,7572.779,6195,1518,1377.7790000000005,0.1819383610692984,more_unique,Concordant,HISAT2
ENST00000381077,PUDP-201,1584.547,620,1019,964.547,0.6087209782985294,more_multi,Concordant,HISAT2
ENST00000379143,PCNA-201,16374.204,979,15736,15395.204,0.9402108340655827,more_multi,Concordant,HISAT2
ENST00000342192,UBE2L3-201,10774.528,947,10337,9827.528,0.9121075187701958,more_multi,Concordant,HISAT2
ENST00000290349,CBR1-201,2386.445,355,2155,2031.4450000000002,0.85124316713773,more_multi,Concordant,HISAT2
ENST00000276914,PLIN2-201,1556.104,1109,475,447.10400000000004,0.28732269822582557,more_unique,Concordant,HISAT2
ENST00000359039,KLHL9-201,3505.281,3461,87,44.28099999999995,0.012632653416373736,more_unique,Concordant,HISAT2
ENST00000379847,NDUFB6-203,1529.389,940,841,589.3889999999999,0.3853754669348347,more_unique,Concordant,HISAT2
ENST00000282003,OBI1-201,2404.227,2372,62,32.22699999999986,0.013404308328622824,more_unique,Concordant,HISAT2
ENST00000256496,ARL8B-201,7966.918,2830,5290,5136.918,0.6447810809650607,more_multi,Concordant,HISAT2
ENST00000309311,EEF2-201,119820.858,86536,41881,33284.85799999999,0.2777885132486699,more_unique,Concordant,HISAT2
ENST00000375370,TFDP1-201,8678.561,2958,6688,5720.561,0.6591600842582083,more_multi,Concordant,HISAT2
ENST00000308683,ZNF622-201,3483.248,3418,117,65.24800000000005,0.018731942141357736,more_unique,Concordant,HISAT2
ENST00000261537,MIB1-201,19063.8,13135,8686,5928.799999999999,0.31099780736264543,more_unique,Concordant,HISAT2
ENST00000376327,PLP2-202,5722.245,4228,1602,1494.245,0.26112915472860737,more_unique,Concordant,HISAT2
ENST00000373233,CHD6-202,12404.373,8044,5067,4360.373,0.351519016720958,more_unique,Concordant,HISAT2
ENST00000265069,ZFR-201,17726.158,7770,11259,9956.158,0.5616647442722783,more_multi,Concordant,HISAT2
ENST00000221200,KCTD9-201,3363.51,1599,1939,1764.5100000000002,0.5246037621413345,more_multi,Concordant,HISAT2
ENST00000040738,BOD1L1-201,13663.599,11076,2984,2587.599,0.18937902085680355,more_unique,Concordant,HISAT2
ENST00000378536,SKI-201,8532.203,8211,557,321.2029999999995,0.037645963182076136,more_unique,Concordant,HISAT2
ENST00000328024,RAB11B-201,3684.591,2685,1222,999.5909999999999,0.27128954068443417,more_unique,Concordant,HISAT2
ENST00000216129,TTLL12-201,5244.875,2655,2783,2589.875,0.4937915584260826,more_unique,Concordant,HISAT2
ENST00000618046,SLC4A1AP-206,3815.628,0,4318,3815.628,1,all_ambig_reads,Concordant,HISAT2
ENST00000296684,NDUFS4-201,3149.865,172,3219,2977.865,0.9453944851604751,more_multi,Concordant,HISAT2
ENST00000475243,VAPB-204,5423.438,3143,7360,2280.438,0.4204783017709431,more_unique,Concordant,HISAT2
ENST00000358432,EPHA2-201,15131.909,10712,4901,4419.909,0.29209196275235333,more_unique,Concordant,HISAT2
ENST00000355937,PRELID3B-201,9731.874,6326,5805,3405.874,0.3499710333282161,more_unique,Concordant,HISAT2
ENST00000235835,AKR7A2-201,1838.612,562,1328,1276.612,0.6943346393910189,more_multi,Concordant,HISAT2
ENST00000210313,PSMD5-201,5268.211,3172,2376,2096.2110000000002,0.39789807204001515,more_unique,Concordant,HISAT2
ENST00000296755,MAP1B-201,50467.073,41204,10673,9263.072999999997,0.18354686430893263,more_unique,Concordant,HISAT2
ENST00000395686,ERO1A-201,6942.569,4265,4456,2677.5690000000004,0.38567409268816777,more_unique,Concordant,HISAT2
ENST00000276569,ARMC1-201,7104.152,282,7072,6822.152,0.9603049033860762,more_multi,Concordant,HISAT2
ENST00000251047,LMAN1-201,26135.589,19856,6778,6279.589,0.24026965682694199,more_unique,Concordant,HISAT2
ENST00000262215,ARFGEF1-201,10154.392,2658,7908,7496.392,0.73824134423804,more_multi,Concordant,HISAT2
ENST00000307407,CXCL8-201,3689.33,3013,823,676.3299999999999,0.1833205487175178,more_unique,Concordant,HISAT2
ENST00000247655,COX7C-201,5206.11,1212,4534,3994.1099999999997,0.767196620893527,more_multi,Concordant,HISAT2
ENST00000303714,ANTXR1-201,11489.322,9262,4044,2227.322,0.1938601773020201,more_unique,Concordant,HISAT2
ENST00000218364,HTATSF1-201,5217.434,51,5381,5166.434,0.9902250799914287,more_multi,Concordant,HISAT2
ENST00000334512,ZMIZ1-201,5572.733,3811,1872,1761.7330000000002,0.31613447118316995,more_unique,Concordant,HISAT2
ENST00000182527,TRAM2-201,19461.445,19209,511,252.4449999999997,0.012971544507614913,more_unique,Concordant,HISAT2
ENST00000309971,GLE1-201,2946.966,1349,1635,1597.966,0.5422410709862279,more_multi,Concordant,HISAT2
ENST00000298767,WAPL-201,13140.418,7346,6730,5794.418,0.4409614671314109,more_unique,Concordant,HISAT2
ENST00000373703,PEF1-201,1572.104,753,852,819.104,0.5210240543882593,more_multi,Concordant,HISAT2
ENST00000372348,ABL1-202,2406.81,700,5600,1706.81,0.7091585958177006,more_multi,Concordant,HISAT2
ENST00000263847,OSBP-201,6776.711,5596,1372,1180.7110000000002,0.17423068506241451,more_unique,Concordant,HISAT2
ENST00000316836,PNMA1-201,5206.851,5145,141,61.85099999999966,0.011878772793767223,more_unique,Concordant,HISAT2
ENST00000227520,CCDC86-201,7374.659,1953,5565,5421.659,0.7351741958509539,more_multi,Concordant,HISAT2
ENST00000357214,SFPQ-201,26306.489,21272,9393,5034.489000000001,0.19137821850722844,more_unique,Concordant,HISAT2
ENST00000297293,LMTK2-201,3716.953,3587,195,129.95299999999997,0.034962239231973065,more_unique,Concordant,HISAT2
ENST00000324109,DNMBP-201,9872.001,4262,6278,5610.001,0.568273949729138,more_multi,Concordant,HISAT2
ENST00000301067,KMT2D-201,23363.07,21334,3335,2029.0699999999997,0.08684945942463895,more_unique,Concordant,HISAT2
ENST00000553612,GTF2A1-203,5737.165,4559,1936,1178.165,0.20535665263244127,more_unique,Concordant,HISAT2
ENST00000257770,NT5E-201,16025.108,954,16708,15071.108,0.9404684199320217,more_multi,Concordant,HISAT2
ENST00000301180,DIP2B-201,7207.286,3665,3913,3542.286,0.49148680932045713,more_unique,Concordant,HISAT2
ENST00000360535,CLIP3-201,1750.306,1029,759,721.306,0.4121027980250311,more_unique,Concordant,HISAT2
ENST00000372396,KDM4A-201,4341.333,2496,2078,1845.3329999999996,0.425061380916875,more_unique,Concordant,HISAT2
ENST00000273258,ARL6IP5-201,3079.477,1289,1857,1790.4769999999999,0.5814224298476657,more_multi,Concordant,HISAT2
ENST00000258198,DYNC1LI2-201,7883.277,4910,3368,2973.277,0.37716256830757056,more_unique,Concordant,HISAT2
ENST00000264645,CASC3-201,12918.292,1725,12067,11193.292,0.8664684154840284,more_multi,Concordant,HISAT2
ENST00000230990,HBEGF-201,2499.437,1372,1296,1127.437,0.45107638240131676,more_unique,Concordant,HISAT2
ENST00000306726,PTPN9-201,5580.015,3,6084,5577.015,0.9994623670366477,more_multi,Concordant,HISAT2
ENST00000283195,RANBP2-201,29967.843,27075,4372,2892.8430000000008,0.09653157219223288,more_unique,Concordant,HISAT2
ENST00000262238,YY1-201,7290.391,5578,4333,1712.3909999999996,0.23488328678118905,more_unique,Concordant,HISAT2
ENST00000267116,ANKRD52-201,19474.468,16297,3553,3177.4680000000008,0.16316070867763888,more_unique,Concordant,HISAT2
ENST00000265271,RBM27-201,6242.021,3452,4542,2790.0209999999997,0.4469739848680419,more_unique,Concordant,HISAT2
ENST00000262030,ATP5F1B-201,38169.433,2424,37505,35745.433,0.9364936859292617,more_multi,Concordant,HISAT2
ENST00000360840,MRPL37-202,7632.155,22,8002,7610.155,0.9971174589614598,more_multi,Concordant,HISAT2
ENST00000311127,HEG1-201,21222.745,8174,18381,13048.744999999999,0.6148471839999962,more_multi,Concordant,HISAT2
ENST00000403681,HMGA2-204,5382.893,4894,576,488.89300000000003,0.09082346611756913,more_unique,Concordant,HISAT2
ENST00000257527,ADAM19-201,13356.619,7159,6786,6197.619000000001,0.46401106447672125,more_unique,Concordant,HISAT2
ENST00000545606,CAND1-208,10699.562,4424,18322,6275.562,0.586525130654881,more_multi,Concordant,HISAT2
ENST00000231238,TTC1-201,3984.928,422,4021,3562.928,0.8941009724642452,more_multi,Concordant,HISAT2
ENST00000002165,FUCA2-201,7771.322,6393,1511,1378.3220000000001,0.17736004247411188,more_unique,Concordant,HISAT2
ENST00000239231,PANK3-201,19177.978,16175,3561,3002.977999999999,0.15658470355946802,more_unique,Concordant,HISAT2
ENST00000370768,FUBP1-203,3313.173,1404,7461,1909.1729999999998,0.5762370392370093,more_multi,Concordant,HISAT2
ENST00000360943,UBE2Z-201,8784.656,427,8926,8357.656,0.9513925189557793,more_multi,Concordant,HISAT2
ENST00000393784,ERGIC1-202,7939.311,817,7344,7122.311,0.8970943448367245,more_multi,Concordant,HISAT2
ENST00000460933,RYK-201,4506.99,17,5854,4489.99,0.9962280812693172,more_multi,Concordant,HISAT2
ENST00000370272,DR1-202,5687.858,4809,3616,878.8580000000002,0.15451475757657807,more_unique,Concordant,HISAT2
ENST00000652332,PDIA4-204,12128.815,977,12489,11151.815,0.9194480252192815,more_multi,Concordant,HISAT2
ENST00000511685,TENM3-204,3786.943,2477,2349,1309.9430000000002,0.34591040847459287,more_unique,Concordant,HISAT2
ENST00000315475,ZNF354C-201,1745.963,1728,43,17.962999999999965,0.01028830507862994,more_unique,Concordant,HISAT2
ENST00000398136,TMEM123-202,25808.25,1296,27915,24512.25,0.9497834994623812,more_multi,Concordant,HISAT2
ENST00000085079,EPN1-201,4917.813,219,5552,4698.813,0.9554680098653608,more_multi,Concordant,HISAT2
ENST00000225298,UTP18-201,7116.254,4534,2799,2582.254,0.36286703650544233,more_unique,Concordant,HISAT2
ENST00000316881,TRIM25-201,8655.647,4836,4831,3819.647000000001,0.44128959972605175,more_unique,Concordant,HISAT2
ENST00000261402,NUAK1-201,2264.919,1996,336,268.91899999999987,0.11873228137518378,more_unique,Concordant,HISAT2
ENST00000256646,NOTCH2-201,33779.29,25628,9090,8151.290000000001,0.24131028212848762,more_unique,Concordant,HISAT2
ENST00000397786,MED13-201,18108.192,15884,3306,2224.191999999999,0.12282794439113519,more_unique,Concordant,HISAT2
ENST00000245479,SOX9-201,5429.872,5378,143,51.8720000000003,0.00955307970427301,more_unique,Concordant,HISAT2
ENST00000321617,CASKIN2-201,2544.631,545,2168,1999.6309999999999,0.7858235634164639,more_multi,Concordant,HISAT2
ENST00000264380,PIKFYVE-201,6325.028,3833,3325,2492.0280000000002,0.3939947775725262,more_unique,Concordant,HISAT2
ENST00000368192,ETV3-202,2755.198,2507,331,248.19799999999987,0.0900835439050115,more_unique,Concordant,HISAT2
ENST00000233055,WDFY1-201,8672.884,6497,2401,2175.884,0.2508835584564489,more_unique,Concordant,HISAT2
ENST00000290551,BTG2-201,1175.89,855,343,320.8900000000001,0.27289117179328004,more_unique,Concordant,HISAT2
ENST00000367157,NUAK2-201,2572.625,2535,83,37.625,0.014625139691948884,more_unique,Concordant,HISAT2
ENST00000366812,ACBD3-201,4780.382,4609,243,171.3819999999996,0.03585110980670574,more_unique,Concordant,HISAT2
ENST00000470450,CCT8-204,12628.259,975,24389,11653.259,0.9227922075402476,more_multi,Discordant,HISAT2
ENST00000439640,FKBP1A-205,2634.768,18,11117,2616.768,0.9931682789528338,more_multi,Discordant,HISAT2
ENST00000380636,TMSB4X-203,5629.904,3887,19195,1742.9040000000005,0.3095797015366515,more_unique,Discordant,HISAT2
ENST00000380381,RPS6-202,12784.559,11225,4228,1559.5589999999993,0.12198770407332778,more_unique,Discordant,HISAT2
ENST00000354171,GPX4-201,1717.327,1,4138,1716.327,0.9994176997158957,more_multi,Discordant,HISAT2
ENST00000642480,ACTB-213,41111.254,190,196845,40921.254,0.9953783944415804,more_multi,Discordant,HISAT2
ENST00000676397,ACTB-223,48779.132,104,182303,48675.132,0.997867940741545,more_multi,Discordant,HISAT2
ENST00000473257,ACTB-208,62712.542,69,186097,62643.542,0.9988997416178729,more_multi,Discordant,HISAT2
ENST00000462494,ACTB-206,14508.88,1590,168564,12918.88,0.8904119408252049,more_multi,Discordant,HISAT2
ENST00000432588,ACTB-204,18919.681,397,104579,18522.681,0.9790165595286728,more_multi,Discordant,HISAT2
ENST00000592623,RPS15-210,6292.175,2695,11102,3597.175,0.5716902342989507,more_multi,Discordant,HISAT2
ENST00000533186,RPS2-214,9281.601,7,22482,9274.601,0.9992458197675164,more_multi,Discordant,HISAT2
ENST00000533872,RPS2-215,4661.546,458,26701,4203.546,0.9017493338047077,more_multi,Discordant,HISAT2
ENST00000411651,SUMO3-204,7079.226,1149,10148,5930.226,0.8376941207979516,more_multi,Discordant,HISAT2
ENST00000679187,ITGB1-236,4326.182,83,15006,4243.182,0.9808144918544804,more_multi,Discordant,HISAT2
ENST00000678766,ITGB1-232,3810.022,79,13856,3731.022,0.979265211591954,more_multi,Discordant,HISAT2
ENST00000515676,CCT5-214,6947.294,6,53087,6941.294,0.9991363543848871,more_multi,Discordant,HISAT2
ENST00000681392,TOP1-205,6570.741,1591,24956,4979.741,0.7578659697589663,more_multi,Discordant,HISAT2
ENST00000401609,RPL3-202,12302.095,20,34428,12282.095,0.9983742606442236,more_multi,Discordant,HISAT2
ENST00000398970,CRK-202,217.398,0,11136,217.398,1,all_ambig_reads,Discordant,HISAT2
ENST00000534599,RPL27A-212,2393.771,230,16477,2163.771,0.9039172920049579,more_multi,Discordant,HISAT2
ENST00000526562,RPL27A-204,2647.55,10,12717,2637.55,0.9962229230798285,more_multi,Discordant,HISAT2
ENST00000382452,WDR1-203,8553.548,20,29555,8533.548,0.9976617890026455,more_multi,Discordant,HISAT2
ENST00000396172,DDX39B-202,251.387,71,474,180.387,0.7175669386245113,more_multi,Discordant,HISAT2
ENST00000375882,CSNK2B-203,155.615,42,258,113.61500000000001,0.7301031391575362,more_multi,Discordant,HISAT2
ENST00000602140,RPS28-204,10881.837,6824,4888,4057.8369999999995,0.3728999984101949,more_unique,Discordant,HISAT2
ENST00000561163,MEIS2-221,180.694,76,670,104.69399999999999,0.5793994266550079,more_multi,Discordant,HISAT2
ENST00000486733,RPS4X-204,16596.881,11226,18728,5370.881000000001,0.32360785137882236,more_unique,Discordant,HISAT2
ENST00000458591,SCFD1-203,184.628,41,347,143.628,0.7779318413241761,more_multi,Discordant,HISAT2
ENST00000396861,GAPDH-205,23639.33,363,120961,23276.33,0.9846442348408352,more_multi,Discordant,HISAT2
ENST00000466588,GAPDH-207,5556.389,382,89048,5174.389,0.9312503138279196,more_multi,Discordant,HISAT2
ENST00000619601,GAPDH-211,44121.153,230,112660,43891.153,0.9947870809269196,more_multi,Discordant,HISAT2
ENST00000582746,EIF4A1-224,7726.882,132,32511,7594.882,0.9829167832509931,more_multi,Discordant,HISAT2
ENST00000456319,CALM2-204,6618.384,210,19424,6408.384,0.9682702000971839,more_multi,Discordant,HISAT2
ENST00000490335,RPL10A-205,5307.535,435,10478,4872.535,0.9180410491876172,more_multi,Discordant,HISAT2
ENST00000370562,RPS21-202,4985.819,4475,7084,510.8190000000004,0.10245438111572049,more_unique,Discordant,HISAT2
ENST00000495843,RPS27A-210,4885.828,2505,25789,2380.8280000000004,0.4872926349433505,more_unique,Discordant,HISAT2
ENST00000374315,SELENON-203,430.679,2,7436,428.679,0.9953561701406384,more_multi,Discordant,HISAT2
ENST00000507980,RPS23-204,14152.933,5673,20051,8479.933,0.5991643569569644,more_multi,Discordant,HISAT2
ENST00000464888,HMGN2-204,4140.494,1126,4438,3014.4939999999997,0.728051773532337,more_multi,Discordant,HISAT2
ENST00000293880,SSRP1-202,14379.773,8669,19527,5710.772999999999,0.3971393011558666,more_unique,Discordant,HISAT2
ENST00000678061,ANXA2-242,3525.649,205,16449,3320.649,0.9418546769686943,more_multi,Discordant,HISAT2
ENST00000395956,YWHAZ-205,8719.419,28,36434,8691.419,0.996788776866899,more_multi,Discordant,HISAT2
ENST00000331523,EEF1A1-203,20527.935,145,84105,20382.935,0.9929364546409564,more_multi,Discordant,HISAT2
ENST00000260379,RPLP1-201,1474.346,325,26259,1149.346,0.7795632775481468,more_multi,Discordant,HISAT2
ENST00000423828,TMBIM6-203,2850.218,143,36597,2707.218,0.9498283990908766,more_multi,Discordant,HISAT2
ENST00000604929,TUBB4B-202,15146.82,4362,30285,10784.82,0.7120187603734646,more_multi,Discordant,HISAT2
ENST00000319622,PKM-201,11986.31,526,71208,11460.31,0.9561166030246172,more_multi,Discordant,HISAT2
ENST00000389093,PKM-203,28448.408,73,83066,28375.408,0.9974339513128467,more_multi,Discordant,HISAT2
ENST00000567118,PKM-218,18365.147,55,75940,18310.147,0.9970051968546726,more_multi,Discordant,HISAT2
ENST00000544844,TRMT112-206,100.708,18,2750,82.708,0.8212654406799857,more_multi,Discordant,HISAT2
ENST00000549078,KRT18-206,19657.772,10188,35196,9469.772,0.48173170387773345,more_unique,Discordant,HISAT2
ENST00000577407,RPL23-207,19722.366,3371,26338,16351.366000000002,0.8290773023885674,more_multi,Discordant,HISAT2
ENST00000251453,RPS16-201,405.043,100,7657,305.043,0.7531126324859336,more_multi,Discordant,HISAT2
ENST00000552564,ITGA5-211,4116.03,1587,7688,2529.0299999999997,0.6144342971261142,more_multi,Discordant,HISAT2
ENST00000262746,PRDX1-201,11329.855,3259,14011,8070.855,0.7123528941897315,more_multi,Discordant,HISAT2
ENST00000464595,RPL24-202,10484.433,3268,11437,7216.433000000001,0.6882997869317301,more_multi,Discordant,HISAT2
ENST00000488288,RPL24-205,7741.976,7078,3530,663.9759999999997,0.08576311783968327,more_unique,Discordant,HISAT2
ENST00000358888,RPL41-201,10345.76,1957,46538,8388.76,0.8108403829201528,more_multi,Discordant,HISAT2
ENST00000494593,GSTP1-205,6912.669,5749,4497,1163.6689999999999,0.16833859685745114,more_unique,Discordant,HISAT2
ENST00000484616,RPS12-202,18856.956,7939,12448,10917.955999999998,0.5789882523987434,more_multi,Discordant,HISAT2
ENST00000261772,AARS1-201,342.907,21,924,321.907,0.9387589054758287,more_multi,Discordant,HISAT2
ENST00000441946,PSME3-202,4502.625,38,15122,4464.625,0.9915604786096999,more_multi,Discordant,HISAT2
ENST00000593262,RPL27-208,6881.185,5468,12501,1413.1850000000004,0.2053694240163577,more_unique,Discordant,HISAT2
ENST00000405636,TOMM40-202,508.078,7,9868,501.078,0.9862225878703663,more_multi,Discordant,HISAT2
ENST00000526248,RPS3-206,6245.489,17,18796,6228.489,0.9972780353948266,more_multi,Discordant,HISAT2
ENST00000679106,RPL13A-222,5018.537,188,22705,4830.537,0.9625388833438908,more_multi,Discordant,HISAT2
ENST00000679006,NPM1-231,7343.225,129,18017,7214.225,0.9824327866843247,more_multi,Discordant,HISAT2
ENST00000518587,NPM1-205,6830.726,412,19503,6418.726,0.9396843029569624,more_multi,Discordant,HISAT2
ENST00000510710,COL1A1-212,11909.006,6864,12243,5045.005999999999,0.4236294783964337,more_unique,Discordant,HISAT2
ENST00000296503,HMGB2-201,357.706,57,9953,300.706,0.8406512610915109,more_multi,Discordant,HISAT2
ENST00000438704,HMGB2-202,97.726,1,7907,96.726,0.9897673085975073,more_multi,Discordant,HISAT2
ENST00000452673,CANX-202,2193.937,444,4495,1749.937,0.7976240885677209,more_multi,Discordant,HISAT2
ENST00000302907,RPS9-201,582.687,80,1371,502.687,0.8627050200193243,more_multi,Discordant,HISAT2
ENST00000680316,HSP90B1-218,4312.355,59,11439,4253.355,0.9863183805600421,more_multi,Discordant,HISAT2
ENST00000358528,CSDE1-203,6900.103,13,24981,6887.103,0.9981159701529093,more_multi,Discordant,HISAT2
ENST00000369373,NBPF20-201,4595.204,325,19702,4270.204,0.9292740866346739,more_multi,Discordant,HISAT2
ENST00000553205,RPL6-212,12060.742,9149,13212,2911.742,0.2414231230549497,more_unique,Discordant,HISAT2
ENST00000369158,H3C14-201,576.33,4,18736,572.33,0.9930595318654243,more_multi,Discordant,HISAT2
ENST00000470268,SF3B1-208,7025.478,1340,29073,5685.478,0.809265647120381,more_multi,Discordant,HISAT2
ENST00000345042,HSPD1-201,4018.828,17,14317,4001.828,0.9957699110287875,more_multi,Discordant,HISAT2
ENST00000533498,RPL38-206,17197.276,4857,17446,12340.276000000002,0.7175715502850568,more_multi,Discordant,HISAT2
ENST00000278756,APLP2-202,3322.457,12,18624,3310.457,0.9963882151070729,more_multi,Discordant,HISAT2
ENST00000536769,UBC-205,9966.431,1388,68842,8578.431,0.8607324929054343,more_multi,Discordant,HISAT2
ENST00000392396,TFRC-202,11303.148,601,23507,10702.148,0.9468289718934937,more_multi,Discordant,HISAT2
ENST00000574671,ACTG1-206,3851.945,149,21550,3702.945,0.9613182431213322,more_multi,Discordant,HISAT2
ENST00000331483,P4HB-201,532.094,124,1065,408.09400000000005,0.7669584697440678,more_multi,Discordant,HISAT2
ENST00000368259,CCT3-204,3203.162,12,20403,3191.162,0.9962537018108981,more_multi,Discordant,HISAT2
ENST00000676972,NDUFS2-224,195.846,44,280,151.846,0.7753336805449179,more_multi,Discordant,HISAT2
ENST00000481928,PTMA-212,6532.298,2214,40206,4318.298,0.6610687387501305,more_multi,Discordant,HISAT2
ENST00000360051,SEPTIN2-201,3578.281,51,20085,3527.281,0.9857473462816364,more_multi,Discordant,HISAT2
ENST00000402092,SEPTIN2-206,4608.893,6,19803,4602.893,0.9986981689529352,more_multi,Discordant,HISAT2
ENST00000444376,HNRNPU-205,6224.742,28,31110,6196.742,0.9955018216016022,more_multi,Discordant,HISAT2
ENST00000436459,EEF1A1P5-201,1631.305,258,29575,1373.305,0.8418444129086835,more_multi,Discordant,HISAT2
ENST00000615959,MIR3648-1-201,42690.576,323,43098,42367.576,0.992433927337968,more_multi,Discordant,HISAT2
ENST00000631211,FP671120.6-201,685.607,3,2685,682.607,0.9956243153876784,more_multi,Discordant,HISAT2
ENST00000666782,MIR663AHG-312,2114.032,1466,662,648.0320000000002,0.3065384062303693,more_unique,Discordant,HISAT2
ENST00000638356,AD000090.1-201,7276,7213,137,63,0.008658603628367234,more_unique,Discordant,HISAT2
ENST00000448136,SNHG16-201,2435.315,203,12481,2232.315,0.9166432268515572,more_multi,Discordant,HISAT2
ENST00000365328,7SK.1-201,28474.067,458,563285,28016.067,0.9839151885117079,more_multi,Discordant,HISAT2
ENST00000322805,NA,5627.068,5,15038,5622.068,0.9991114377860726,more_multi,HISAT2,HISAT2
ENST00000421473,NA,6088.468,433,17451,5655.468,0.9288819453432292,more_multi,HISAT2,HISAT2
ENST00000422650,NA,6389.417,457,17673,5932.417,0.9284754774966166,more_multi,HISAT2,HISAT2
ENST00000432462,NA,6278.168,471,17445,5807.168,0.9249781146347151,more_multi,HISAT2,HISAT2
ENST00000436628,NA,6200.852,475,17395,5725.852,0.9233976234233618,more_multi,HISAT2,HISAT2
ENST00000422674,NA,5581.969,512,16689,5069.969,0.9082760939732915,more_multi,HISAT2,HISAT2
ENST00000400530,NA,4048.073,605,11245,3443.073,0.8505461734509234,more_multi,HISAT2,HISAT2
ENST00000419792,NA,6595.978,466,17848,6129.978,0.929350886252198,more_multi,HISAT2,HISAT2
ENST00000529421,TPT1-210,7127.399,8,19963,7119.399,0.9988775709063011,more_multi,HISAT2,HISAT2
ENST00000380633,TMSB4X-201,4521.43,0,14792,4521.43,1,all_ambig_reads,HISAT2,HISAT2
ENST00000675515,ACTB-220,59938.532,886,199224,59052.532,0.9852181898615735,more_multi,HISAT2,HISAT2
ENST00000425660,ACTB-203,32701.251,48,169326,32653.251,0.998532166246484,more_multi,HISAT2,HISAT2
ENST00000493945,ACTB-212,26452.887,505,130315,25947.887,0.9809094561209898,more_multi,HISAT2,HISAT2
ENST00000617249,PDIA6-208,6010.384,0,17984,6010.384,1,all_ambig_reads,HISAT2,HISAT2
ENST00000540494,PDIA6-207,6316.298,433,17953,5883.298,0.9314471863107155,more_multi,HISAT2,HISAT2
ENST00000488427,ITGB1-214,4555.361,103,14901,4452.361,0.9773892782591764,more_multi,HISAT2,HISAT2
ENST00000676895,ITGB1-223,4294.456,96,14936,4198.456,0.9776455970209033,more_multi,HISAT2,HISAT2
ENST00000344624,DROSHA-201,5672.843,85,19008,5587.843,0.9850163313174717,more_multi,HISAT2,HISAT2
ENST00000502553,TARS1-204,6860.447,3,21765,6857.447,0.9995627107096666,more_multi,HISAT2,HISAT2
ENST00000507716,TARS1-209,4347.464,4,20395,4343.464,0.9990799233760188,more_multi,HISAT2,HISAT2
ENST00000376263,HNRNPK-204,5123.187,57,44275,5066.187,0.9888741129300961,more_multi,HISAT2,HISAT2
ENST00000412359,BUB1B-202,7580.593,624,8844,6956.593,0.9176845399825581,more_multi,HISAT2,HISAT2
ENST00000647408,ENO1-216,6457.539,17,82234,6440.539,0.9973674181449,more_multi,HISAT2,HISAT2
ENST00000508595,RPL9-207,6487.183,8,18276,6479.183,0.998766799086753,more_multi,HISAT2,HISAT2
ENST00000492719,GAPDH-209,25283,10786,55892,14497,0.5733892338725626,more_multi,HISAT2,HISAT2
ENST00000358075,MAGT1-201,5371.519,33,5638,5338.519,0.9938564864054283,more_multi,HISAT2,HISAT2
ENST00000674977,POLR2A-210,5510.414,139,19708,5371.414,0.9747750350518128,more_multi,HISAT2,HISAT2
ENST00000380935,ERBIN-202,6737.492,31,27405,6706.492,0.9953988813641634,more_multi,HISAT2,HISAT2
ENST00000591254,TRIR-204,5567.969,1799,6477,3768.969,0.6769019367744324,more_multi,HISAT2,HISAT2
ENST00000464218,RPS10-202,5611.264,9,17103,5602.264,0.99839608330672025,more_multi,HISAT2,HISAT2
ENST00000655450,CALM2-211,6645.541,1,19476,6644.541,0.9998495231614702,more_multi,HISAT2,HISAT2
ENST00000400259,CDC42-203,6929.705,90,19597,6839.705,0.9870124341512373,more_multi,HISAT2,HISAT2
ENST00000380876,EIF3CL-201,5743.687,14,22718,5729.687,0.9975625412735757,more_multi,HISAT2,HISAT2
ENST00000680272,HSPA5-207,4248.27,10,18010,4238.27,0.9976461006480285,more_multi,HISAT2,HISAT2
ENST00000396467,RPL7-204,11728.831,5964,37717,5764.831,0.4915094266427745,more_unique,HISAT2,HISAT2
ENST00000354558,CKAP5-202,4714.154,21,33013,4693.154,0.9955453300846769,more_multi,HISAT2,HISAT2
ENST00000630827,HNRNPDL-210,4271.505,5,10327,4266.505,0.9988294523827081,more_multi,HISAT2,HISAT2
ENST00000678200,RHOA-209,10249.981,12,32344,10237.981,0.9988292661225421,more_multi,HISAT2,HISAT2
ENST00000630804,SPTAN1-222,6175.497,11,30791,6164.497,0.9982187668458101,more_multi,HISAT2,HISAT2
ENST00000677968,ANXA2-241,4371.881,208,16146,4163.881,0.9524232246943592,more_multi,HISAT2,HISAT2
ENST00000558558,ANXA2-213,4968.942,186,15788,4782.942,0.9625674841847621,more_multi,HISAT2,HISAT2
ENST00000559113,ANXA2-217,4416.004,234,14939,4182.004,0.9470109175625747,more_multi,HISAT2,HISAT2
ENST00000559956,ANXA2-227,4522.694,189,16027,4333.694,0.9582107478418836,more_multi,HISAT2,HISAT2
ENST00000678870,ANXA2-245,4262.902,174,16064,4088.902,0.95918273514146,more_multi,HISAT2,HISAT2
ENST00000679109,ANXA2-246,5701.253,182,16182,5519.253,0.9680771928556757,more_multi,HISAT2,HISAT2
ENST00000559818,ANXA2-226,4870.215,169,15973,4701.215,0.9652992732353705,more_multi,HISAT2,HISAT2
ENST00000558347,TPM1-212,4426.676,18,11377,4408.676,0.9959337435131914,more_multi,HISAT2,HISAT2
ENST00000610817,FLNA-218,18180.419,396,72220,17784.419,0.9782183237911073,more_multi,HISAT2,HISAT2
ENST00000479017,RPL29-204,5077.323,3,15996,5074.323,0.9994091374529451,more_multi,HISAT2,HISAT2
ENST00000455918,EEF1A1-206,19186.972,217,82885,18969.972,0.98869024252498,more_multi,HISAT2,HISAT2
ENST00000678702,EEF1A1-221,25732.576,119,82076,25613.576,0.9953755115694597,more_multi,HISAT2,HISAT2
ENST00000678041,EEF1A1-217,5602.545,434,43361,5168.545,0.9225352049827356,more_multi,HISAT2,HISAT2
ENST00000415930,GPI-202,5816.569,125,20907,5691.569,0.9785096678127604,more_multi,HISAT2,HISAT2
ENST00000547765,TUBA1B-204,15638.159,231,118600,15407.159,0.9852284402531014,more_multi,HISAT2,HISAT2
ENST00000550367,TUBA1B-206,8293.494,75,41015,8218.494,0.9909567668343403,more_multi,HISAT2,HISAT2
ENST00000552448,TUBA1C-209,9040.587,44,54234,8996.587,0.9951330593909444,more_multi,HISAT2,HISAT2
ENST00000489841,MCM7-210,4216.302,23,11745,4193.302,0.9945449827834913,more_multi,HISAT2,HISAT2
ENST00000546897,KRT8-205,8130.868,30,34677,8100.868,0.9963103570246129,more_multi,HISAT2,HISAT2
ENST00000435347,LASP1-204,4765.017,47,30581,4718.017,0.9901364465226462,more_multi,HISAT2,HISAT2
ENST00000582193,RPL19-205,12064.232,4,39825,12060.232,0.9996684413893897,more_multi,HISAT2,HISAT2
ENST00000599539,RPS16-204,4348.629,283,6500,4065.629,0.934922017950945,more_multi,HISAT2,HISAT2
ENST00000527344,CFL1-206,6633.527,18,28364,6615.527,0.9972865113837631,more_multi,HISAT2,HISAT2
ENST00000524553,CFL1-202,4191.611,33,21906,4158.611,0.992127132026326,more_multi,HISAT2,HISAT2
ENST00000436759,PLEC-208,3409.345,6,22922,3403.345,0.9982401311688902,more_multi,HISAT2,HISAT2
ENST00000546485,RPL41-203,19108.669,1132,23630,17976.669,0.9407598718675801,more_multi,HISAT2,HISAT2
ENST00000549143,CS-215,5245.241,3,15663,5242.241,0.9994280529722085,more_multi,HISAT2,HISAT2
ENST00000586277,RPL27-202,6169.384,1442,10843,4727.384,0.766265157104826,more_multi,HISAT2,HISAT2
ENST00000512690,RPS3A-210,7879.629,39,28596,7840.629,0.9950505283941667,more_multi,HISAT2,HISAT2
ENST00000517671,NPM1-204,9452.46,109,22528,9343.46,0.9884686102876923,more_multi,HISAT2,HISAT2
ENST00000678280,NPM1-229,4441.515,155,19501,4286.515,0.9651019978543357,more_multi,HISAT2,HISAT2
ENST00000676589,NPM1-214,4979.348,237,16559,4742.348,0.9524034070324067,more_multi,HISAT2,HISAT2
ENST00000677357,NPM1-219,8420.211,116,20695,8304.211,0.9862236231372349,more_multi,HISAT2,HISAT2
ENST00000563270,RPL13-211,4729.734,34,11803,4695.734,0.9928114350616758,more_multi,HISAT2,HISAT2
ENST00000508682,RACK1-219,4364.361,45,17386,4319.361,0.9896892122351932,more_multi,HISAT2,HISAT2
ENST00000376817,RACK1-201,4832.447,48,15204,4784.447,0.9900671440369652,more_multi,HISAT2,HISAT2
ENST00000344722,SMC4-201,7640.332,21,37985,7619.332,0.997251428341072,more_multi,HISAT2,HISAT2
ENST00000420959,CORO1C-202,8407.993,4,32129,8403.993,0.99952426221097,more_multi,HISAT2,HISAT2
ENST00000549847,RPL6-206,4731.55,13,16830,4718.55,0.9972524859718274,more_multi,HISAT2,HISAT2
ENST00000532636,HSPA8-218,21775.903,14,83185,21761.903,0.999357087510906,more_multi,HISAT2,HISAT2
ENST00000613412,H4C14-202,5048.781,15,14514,5033.781,0.9970289858086536,more_multi,HISAT2,HISAT2
ENST00000621520,H4C15-203,5023.026,27,14563,4996.026,0.9946247540824993,more_multi,HISAT2,HISAT2
ENST00000679078,KPNA2-220,4962.132,17,14596,4945.132,0.9965740532496918,more_multi,HISAT2,HISAT2
ENST00000584026,KPNA2-207,4846.156,23,14676,4823.156,0.9952539703633148,more_multi,HISAT2,HISAT2
ENST00000579754,KPNA2-203,4728.51,1,14537,4727.51,0.9997885168900986,more_multi,HISAT2,HISAT2
ENST00000678761,HSPD1-222,4376.083,29,14376,4347.083,0.9933730690208572,more_multi,HISAT2,HISAT2
ENST00000409468,HSPE1-202,6765.686,361,8054,6404.686,0.9466425134125349,more_multi,HISAT2,HISAT2
ENST00000439383,PSMD2-206,3990.333,4,28209,3986.333,0.9989975773951698,more_multi,HISAT2,HISAT2
ENST00000550856,RPLP0-218,4033.368,130,16629,3903.368,0.9677688720691987,more_multi,HISAT2,HISAT2
ENST00000430767,SEC14L1-202,3787.762,152,10401,3635.762,0.9598707627353567,more_multi,HISAT2,HISAT2
ENST00000359671,FN1-206,4457.05,19,20592,4438.05,0.9957370906765686,more_multi,HISAT2,HISAT2
ENST00000681842,ACTG1-225,5985.277,93,19426,5892.277,0.984461872023634,more_multi,HISAT2,HISAT2
ENST00000679480,ACTG1-218,6539.354,43,21522,6496.354,0.9934244269388077,more_multi,HISAT2,HISAT2
ENST00000615544,ACTG1-215,6965.977,44,21635,6921.977,0.9936835852314758,more_multi,HISAT2,HISAT2
ENST00000572105,ACTG1-204,5382.337,53,21456,5329.337,0.9901529763000719,more_multi,HISAT2,HISAT2
ENST00000679535,ACTG1-219,4309.011,67,21534,4242.011,0.9844511884513639,more_multi,HISAT2,HISAT2
ENST00000575087,ACTG1-207,4109.407,31,19695,4078.407,0.9924563325073423,more_multi,HISAT2,HISAT2
ENST00000368258,CCT3-203,4540.63,2,21251,4538.63,0.9995595324877825,more_multi,HISAT2,HISAT2
ENST00000676913,NCL-214,6017.527,37,23826,5980.527,0.9938512947262222,more_multi,HISAT2,HISAT2
ENST00000678131,NCL-217,5061.924,68,21980,4993.924,0.986566372786316,more_multi,HISAT2,HISAT2
ENST00000540651,ARF1-213,8427.271,697,18752,7730.271000000001,0.917292323932623,more_multi,HISAT2,HISAT2
ENST00000617832,NA,0,0,2686,0,0,NA,Kallisto,HISAT2
ENST00000627985,NA,89.8,4,680,85.8,0.955456570155902,more_multi,Kallisto,HISAT2
ENST00000450075,NA,107.955,11,306,96.955,0.8981056921865592,more_multi,Kallisto,HISAT2
ENST00000425378,NA,413.692,0,418,413.692,1,all_ambig_reads,Kallisto,HISAT2
ENST00000334352,USP16-201,0,0,5326,0,0,NA,Kallisto,HISAT2
ENST00000644117,NA,0,0,2790,0,0,NA,Kallisto,HISAT2
ENST00000379237,USP6NL-202,0,0,2572,0,0,NA,Kallisto,HISAT2
ENST00000679383,IFITM2-206,7.777,1,786,6.777,0.8714157129998714,more_multi,Kallisto,HISAT2
ENST00000339818,CFAP410-202,85.685,18,165,67.685,0.789928225477038,more_multi,Kallisto,HISAT2
ENST00000409416,COL6A2-204,0,0,13214,0,0,NA,Kallisto,HISAT2
ENST00000675440,KDM6A-221,145.763,27,498,118.763,0.8147678080171237,more_multi,Kallisto,HISAT2
ENST00000507195,CLPTM1L-208,129.732,3,741,126.732,0.9768754046804181,more_multi,Kallisto,HISAT2
ENST00000497473,IAH1-215,121.684,24,379,97.684,0.8027678248578285,more_multi,Kallisto,HISAT2
ENST00000677816,MKRN2-211,39.035,9,851,30.034999999999997,0.7694376841296272,more_multi,Kallisto,HISAT2
ENST00000507863,MARCHF6-207,224.902,0,1050,224.902,1,all_ambig_reads,Kallisto,HISAT2
ENST00000478641,INTS11-216,74.439,17,346,57.43899999999999,0.7716250889990461,more_multi,Kallisto,HISAT2
ENST00000619227,C22orf23-206,16.784,1,32,15.783999999999999,0.940419447092469,more_multi,Kallisto,HISAT2
ENST00000526913,KNL1-203,168.961,1,7276,167.961,0.9940814744230917,more_multi,Kallisto,HISAT2
ENST00000394890,P4HA1-204,0,0,6132,0,0,NA,Kallisto,HISAT2
ENST00000635990,TCF4-276,95.038,3,408,92.038,0.968433679159915,more_multi,Kallisto,HISAT2
ENST00000681011,CTSZ-222,107.307,61,1446,46.307,0.43153755113832276,more_unique,Kallisto,HISAT2
ENST00000650397,GNPNAT1-206,0,0,5834,0,0,NA,Kallisto,HISAT2
ENST00000409887,LRRC75A-202,71.613,10,287,61.613,0.8603605490623211,more_multi,Kallisto,HISAT2
ENST00000417640,NECAB1-201,1,1,0,0,0,all_unique_reads,Kallisto,HISAT2
ENST00000371205,ENTPD1-201,12.613,9,6,3.6129999999999995,0.2864504875921668,more_unique,Kallisto,HISAT2
ENST00000519674,TRPS1-209,96.795,6,444,90.795,0.938013327134666,more_multi,Kallisto,HISAT2
ENST00000638394,PRICKLE2-205,59.372,12,867,47.372,0.7978845246917738,more_multi,Kallisto,HISAT2
ENST00000594442,ZFP36-202,0,0,870,0,0,NA,Kallisto,HISAT2
ENST00000539680,ECHDC2-222,28.602,12,30,16.602,0.5804489196559681,more_multi,Kallisto,HISAT2
ENST00000592388,VAT1-209,37.249,7,1292,30.249000000000002,0.8120754919595157,more_multi,Kallisto,HISAT2
ENST00000397992,ZFHX3-203,191.661,15,3053,176.661,0.9217368165667507,more_multi,Kallisto,HISAT2
ENST00000540884,EHD2-203,0,0,4289,0,0,NA,Kallisto,HISAT2
ENST00000275767,TMEM140-201,9,9,0,0,0,all_unique_reads,Kallisto,HISAT2
ENST00000680624,ACER3-224,64.049,13,877,51.04900000000001,0.797030398601071,more_multi,Kallisto,HISAT2
ENST00000359755,AKAP12-203,0,0,23644,0,0,NA,Kallisto,HISAT2
ENST00000476487,PHYKPL-206,51.188,35,81,16.188000000000002,0.31624599515511453,more_unique,Kallisto,HISAT2
ENST00000358372,WTAP-202,22.353,8,2895,14.353000000000002,0.6421062049836711,more_multi,Kallisto,HISAT2
ENST00000676752,PRKRA-215,117.198,85,110,32.19799999999999,0.27473165071076294,more_unique,Kallisto,HISAT2
ENST00000460472,TTN-212,4.164,0,15,4.164,1,all_ambig_reads,Kallisto,HISAT2
ENST00000543469,TRIM59-208,108.873,81,1577,27.873000000000005,0.2560138877407622,more_unique,Kallisto,HISAT2
ENST00000320934,PCSK7-201,78.833,6,1269,72.833,0.9238897416056727,more_multi,Kallisto,HISAT2
ENST00000526955,PKNOX2-202,21.48,12,43,9.48,0.44134078212290506,more_unique,Kallisto,HISAT2
ENST00000543139,C12orf65-207,59.21,50,217,9.21,0.15554804931599392,more_unique,Kallisto,HISAT2
ENST00000467525,FCGR2A-205,1,1,0,0,0,all_unique_reads,Kallisto,HISAT2
ENST00000641626,OR2M3-202,6,6,0,0,0,all_unique_reads,Kallisto,HISAT2
ENST00000635496,AC063952.1-204,2,2,0,0,0,all_unique_reads,Kallisto,HISAT2
ENST00000443186,NA,19.004,0,25,19.004,1,all_ambig_reads,Kallisto,HISAT2
ENST00000534640,SLC25A51P4-203,29.859,28,9,1.8590000000000018,0.0622592853076125,more_unique,Kallisto,HISAT2
ENST00000643391,SEC22B4P-202,14.217,9,332,5.2170000000000005,0.36695505380882043,more_unique,Kallisto,HISAT2
ENST00000436507,TMX2P1-201,5.103,4,33,1.1029999999999998,0.2161473642955124,more_unique,Kallisto,HISAT2
ENST00000527583,PIGCP1-201,11,11,0,0,0,all_unique_reads,Kallisto,HISAT2
ENST00000403590,TATDN2P2-201,2,2,0,0,0,all_unique_reads,Kallisto,HISAT2
ENST00000604437,PFN1P2-201,1,1,0,0,0,all_unique_reads,Kallisto,HISAT2
ENST00000364043,SNORD46-201,37,37,0,0,0,all_unique_reads,Kallisto,HISAT2
ENST00000614492,FP671120.2-201,0,0,14,0,0,NA,Kallisto,HISAT2
ENST00000577708,CR392039.1-201,14,0,14,14,1,all_ambig_reads,Kallisto,HISAT2
ENST00000408361,MIR663B-201,18,16,4,2,0.1111111111111111,more_unique,Kallisto,HISAT2
ENST00000387400,MT-TN-201,9,9,0,0,0,all_unique_reads,Kallisto,HISAT2
ENST00000387409,MT-TY-201,4,4,0,0,0,all_unique_reads,Kallisto,HISAT2
ENST00000387416,MT-TS1-201,14,14,0,0,0,all_unique_reads,Kallisto,HISAT2
ENST00000387459,MT-TE-201,10,10,0,0,0,all_unique_reads,Kallisto,HISAT2
ENST00000629969,FP671120.7-201,0,0,2205,0,0,NA,Kallisto,HISAT2
ENST00000422679,MIR1302-9HG-201,12.021,8,8,4.021000000000001,0.33449796190000836,more_unique,Kallisto,HISAT2
ENST00000458178,PPM1F-AS1-201,61.321,58,47,3.320999999999998,0.054157629523328026,more_unique,Kallisto,HISAT2
ENST00000609914,MIR663AHG-235,12.767,2,24,10.767,0.8433461267329835,more_multi,Kallisto,HISAT2
ENST00000624945,AC003681.1-201,12.001,12,1,9.999999999994458e-4,8.332638946749819e-5,more_unique,Kallisto,HISAT2
ENST00000621052,LINC01297-202,1,1,0,0,0,all_unique_reads,Kallisto,HISAT2
ENST00000383808,AC022007.1-201,16.05,8,9,8.05,0.501557632398754,more_multi,Kallisto,HISAT2
ENST00000660063,AC034193.1-201,6,6,0,0,0,all_unique_reads,Kallisto,HISAT2
ENST00000601192,AC005523.2-201,18,18,0,0,0,all_unique_reads,Kallisto,HISAT2
ENST00000604411,TSIX-201,22.772,20,6,2.7719999999999985,0.12172843843316347,more_unique,Kallisto,HISAT2
ENST00000638437,FTX-214,9.103,4,11,5.103,0.5605844227177853,more_multi,Kallisto,HISAT2
ENST00000648308,AL161665.1-201,5.024,5,3,0.02400000000000002,0.004777070063694272,more_unique,Kallisto,HISAT2
ENST00000641308,AC092053.3-201,5,5,0,0,0,all_unique_reads,Kallisto,HISAT2
ENST00000658801,LIMD1-AS1-204,17.387,8,14,9.387,0.5398861218151493,more_multi,Kallisto,HISAT2
ENST00000599676,AC008894.2-202,19,19,0,0,0,all_unique_reads,Kallisto,HISAT2
ENST00000539813,LINC00273-201,6,6,0,0,0,all_unique_reads,Kallisto,HISAT2
ENST00000616163,AL358781.1-201,9,8,1,1,0.1111111111111111,more_unique,Kallisto,HISAT2
ENST00000582718,AC010761.1-201,40.001,40,1,9.999999999976694e-4,2.4999375015566346e-5,more_unique,Kallisto,HISAT2
ENST00000579187,AC024267.6-202,9,7,2,2,0.2222222222222222,more_unique,Kallisto,HISAT2
ENST00000550468,AC125611.3-201,69.479,66,13,3.478999999999999,0.050072683832524924,more_unique,Kallisto,HISAT2
ENST00000607967,AL391121.1-201,25,24,1,1,0.04,more_unique,Kallisto,HISAT2
ENST00000662121,LINC00342-210,38.815,28,27,10.814999999999998,0.278629395852119,more_unique,Kallisto,HISAT2
ENST00000569580,AC009107.2-201,9.869,2,19,7.869,0.7973452224136184,more_multi,Kallisto,HISAT2
ENST00000567491,SH3RF3-AS1-201,69,69,0,0,0,all_unique_reads,Kallisto,HISAT2
ENST00000608756,WDR5B-DT-204,16,16,0,0,0,all_unique_reads,Kallisto,HISAT2
ENST00000500800,SMARCA5-AS1-201,10,10,0,0,0,all_unique_reads,Kallisto,HISAT2
ENST00000561599,AC009119.1-202,3,3,0,0,0,all_unique_reads,Kallisto,HISAT2
ENST00000553141,AC025423.4-201,2,2,0,0,0,all_unique_reads,Kallisto,HISAT2
ENST00000660385,AC097448.1-201,1,1,0,0,0,all_unique_reads,Kallisto,HISAT2
ENST00000562952,AL360270.2-201,41.929,41,1,0.929000000000002,0.022156502659257362,more_unique,Kallisto,HISAT2
ENST00000578216,THY1-AS1-201,16,16,0,0,0,all_unique_reads,Kallisto,HISAT2
ENST00000577781,AC112907.3-201,30,30,0,0,0,all_unique_reads,Kallisto,HISAT2
ENST00000587434,AC022966.1-201,8,8,0,0,0,all_unique_reads,Kallisto,HISAT2
ENST00000436039,AL160408.2-201,8,8,0,0,0,all_unique_reads,Kallisto,HISAT2
ENST00000630819,NA,68.006,0,282,68.006,1,all_ambig_reads,Salmon,HISAT2
ENST00000628004,NA,134.611,0,551,134.611,1,all_ambig_reads,Salmon,HISAT2
ENST00000629558,NA,98.808,4,504,94.808,0.9595174479799207,more_multi,Salmon,HISAT2
ENST00000619581,NA,72.19,0,393,72.19,1,all_ambig_reads,Salmon,HISAT2
ENST00000614037,NA,73.114,0,340,73.114,1,all_ambig_reads,Salmon,HISAT2
ENST00000631499,NA,53.299,1,200,52.299,0.981237921912231,more_multi,Salmon,HISAT2
ENST00000442585,NA,28.398,5,59,23.398,0.8239312627649834,more_multi,Salmon,HISAT2
ENST00000632659,NA,52.595,3,175,49.595,0.9429603574484267,more_multi,Salmon,HISAT2
ENST00000633339,NA,89.031,15,185,74.031,0.8315193584257169,more_multi,Salmon,HISAT2
ENST00000443109,NA,31.399,5,89,26.399,0.8407592598490398,more_multi,Salmon,HISAT2
ENST00000419790,NA,34.343,3,108,31.343000000000004,0.9126459540517718,more_multi,Salmon,HISAT2
ENST00000452705,NA,36.702,8,89,28.701999999999998,0.7820282273445589,more_multi,Salmon,HISAT2
ENST00000422802,NA,71.188,10,131,61.188,0.8595268865539136,more_multi,Salmon,HISAT2
ENST00000497917,NA,48.788,0,170,48.788,1,all_ambig_reads,Salmon,HISAT2
ENST00000416977,NA,26.266,3,41,23.266,0.8857839031447499,more_multi,Salmon,HISAT2
ENST00000498679,NA,36.718,4,106,32.718,0.8910616046625633,more_multi,Salmon,HISAT2
ENST00000446443,NA,17.615,6,33,11.614999999999998,0.6593812091967073,more_multi,Salmon,HISAT2
ENST00000494003,NA,73.21,0,284,73.21,1,all_ambig_reads,Salmon,HISAT2
ENST00000611292,NA,107.387,0,391,107.387,1,all_ambig_reads,Salmon,HISAT2
ENST00000616663,NA,97.48,0,319,97.48,1,all_ambig_reads,Salmon,HISAT2
ENST00000632874,NA,52.458,2,249,50.458,0.9618742613138129,more_multi,Salmon,HISAT2
ENST00000493350,NA,66.579,22,174,44.57899999999999,0.6695654786043647,more_multi,Salmon,HISAT2
ENST00000430141,NA,29.493,1,84,28.493,0.9660936493405214,more_multi,Salmon,HISAT2
ENST00000383607,NA,113.502,7,305,106.502,0.9383270779369527,more_multi,Salmon,HISAT2
ENST00000633016,NA,79.029,8,319,71.029,0.8987713371041011,more_multi,Salmon,HISAT2
ENST00000444497,NA,81.676,22,222,59.676,0.7306430285518389,more_multi,Salmon,HISAT2
ENST00000466318,NA,20.51,1,46,19.51,0.9512432959531936,more_multi,Salmon,HISAT2
ENST00000421229,NA,35.108,7,102,28.107999999999997,0.8006152443887433,more_multi,Salmon,HISAT2
ENST00000454774,NA,35.907,9,89,26.906999999999996,0.7493524939426852,more_multi,Salmon,HISAT2
ENST00000552068,NA,53.035,13,117,40.035,0.7548788535872537,more_multi,Salmon,HISAT2
ENST00000482931,NA,53.094,4,160,49.094,0.9246619203676498,more_multi,Salmon,HISAT2
ENST00000432122,NA,110.686,9,333,101.686,0.9186889037457312,more_multi,Salmon,HISAT2
ENST00000458514,NA,74.731,15,202,59.730999999999995,0.799280084569991,more_multi,Salmon,HISAT2
ENST00000430690,NA,83.315,19,328,64.315,0.7719498289623717,more_multi,Salmon,HISAT2
ENST00000456690,NA,57.127,16,175,41.127,0.719922278432265,more_multi,Salmon,HISAT2
ENST00000631495,NA,54.908,3,186,51.908,0.9453631529103227,more_multi,Salmon,HISAT2
ENST00000456968,NA,85.626,1,268,84.626,0.9883213042767384,more_multi,Salmon,HISAT2
ENST00000495638,NA,14.004,5,42,9.004,0.6429591545272779,more_multi,Salmon,HISAT2
ENST00000633649,NA,0,0,1938,0,0,NA,Salmon,HISAT2
ENST00000620107,NA,90.403,6,308,84.403,0.9336305211110251,more_multi,Salmon,HISAT2
ENST00000617392,NA,117.51,10,362,107.51,0.914900859501319,more_multi,Salmon,HISAT2
ENST00000424652,NA,48.929,3,114,45.929,0.9386866684379407,more_multi,Salmon,HISAT2
ENST00000424520,NA,15.424,2,63,13.424,0.8703319502074689,more_multi,Salmon,HISAT2
ENST00000439425,NA,37.967,0,354,37.967,1,all_ambig_reads,Salmon,HISAT2
ENST00000649483,NA,53.34,11,184,42.34,0.7937757780277466,more_multi,Salmon,HISAT2
ENST00000449173,NA,35.93,8,134,27.93,0.7773448371834122,more_multi,Salmon,HISAT2
ENST00000458287,NA,52.647,18,136,34.647,0.658100176648242,more_multi,Salmon,HISAT2
ENST00000640467,NA,30.741,1,172,29.741,0.9674701538661722,more_multi,Salmon,HISAT2
ENST00000633443,NA,7.216,1,805,6.216,0.8614190687361419,more_multi,Salmon,HISAT2
ENST00000453746,NA,20.267,4,59,16.267,0.8026348250851137,more_multi,Salmon,HISAT2
ENST00000426149,NA,32.13,7,74,25.130000000000003,0.7821350762527234,more_multi,Salmon,HISAT2
ENST00000627034,NA,86.034,1,261,85.034,0.9883766882860264,more_multi,Salmon,HISAT2
ENST00000630540,NA,32.289,1,2315,31.289,0.969029700517204,more_multi,Salmon,HISAT2
ENST00000629713,NA,92.098,0,322,92.098,1,all_ambig_reads,Salmon,HISAT2
ENST00000436449,NA,67.693,5,162,62.693,0.9261371190521915,more_multi,Salmon,HISAT2
ENST00000482784,NA,99.29,10,367,89.29,0.899284922952966,more_multi,Salmon,HISAT2
ENST00000428442,NA,94.412,11,280,83.412,0.8834893869423378,more_multi,Salmon,HISAT2
ENST00000420930,NA,94.439,8,296,86.439,0.9152892343205667,more_multi,Salmon,HISAT2
ENST00000628303,NA,0,0,748,0,0,NA,Salmon,HISAT2
ENST00000651601,NA,89.532,1,1187,88.532,0.988830809096189,more_multi,Salmon,HISAT2
ENST00000640700,NA,70.661,1,202,69.661,0.9858479217673115,more_multi,Salmon,HISAT2
ENST00000638226,NA,231.147,0,675,231.147,1,all_ambig_reads,Salmon,HISAT2
ENST00000482698,NA,99.466,44,800,55.465999999999994,0.5576377857760441,more_multi,Salmon,HISAT2
ENST00000451970,NA,69.286,2,195,67.286,0.9711341396530324,more_multi,Salmon,HISAT2
ENST00000492105,NA,88.508,7,316,81.508,0.920911104080987,more_multi,Salmon,HISAT2
ENST00000472578,NA,79.952,4,305,75.952,0.9499699819891935,more_multi,Salmon,HISAT2
ENST00000626767,NA,88.63,0,290,88.63,1,all_ambig_reads,Salmon,HISAT2
ENST00000646692,NA,82.844,0,418,82.844,1,all_ambig_reads,Salmon,HISAT2
ENST00000645968,NA,63.09,1,206,62.09,0.9841496275162467,more_multi,Salmon,HISAT2
ENST00000672932,NA,95.92,0,248,95.92,1,all_ambig_reads,Salmon,HISAT2
ENST00000380249,FOCAD-202,127.209,7,3491,120.209,0.9449724469180639,more_multi,Salmon,HISAT2
ENST00000526481,CTSB-211,82.809,21,172,61.809,0.7464043763359055,more_multi,Salmon,HISAT2
ENST00000532004,RPLP2-208,109.887,17,5559,92.887,0.8452956218660989,more_multi,Salmon,HISAT2
ENST00000647222,NA,115.529,2,381,113.529,0.9826883293372227,more_multi,Salmon,HISAT2
ENST00000645200,NA,100.481,1,344,99.481,0.9900478697465193,more_multi,Salmon,HISAT2
ENST00000646071,NA,78.809,0,231,78.809,1,all_ambig_reads,Salmon,HISAT2
ENST00000645838,NA,112.969,2,260,110.969,0.9822960281139074,more_multi,Salmon,HISAT2
ENST00000645781,NA,66.664,6,206,60.664,0.9099963998559942,more_multi,Salmon,HISAT2
ENST00000646576,NA,123.603,0,332,123.603,1,all_ambig_reads,Salmon,HISAT2
ENST00000645084,NA,125.161,1,221,124.161,0.9920102907455197,more_multi,Salmon,HISAT2
ENST00000216080,LMF2-201,13.051,1,2143,12.051,0.9233775189640641,more_multi,Salmon,HISAT2
ENST00000537085,AC138969.1-204,83.31,1,389,82.31,0.9879966390589365,more_multi,Salmon,HISAT2
ENST00000406053,ASB3-203,116.009,51,845,65.009,0.5603789361170254,more_multi,Salmon,HISAT2
ENST00000644674,SGCE-254,27.139,3,62,24.139,0.88945797560706,more_multi,Salmon,HISAT2
ENST00000619481,REV3L-213,148.271,10,252,138.271,0.9325559279967087,more_multi,Salmon,HISAT2
ENST00000367208,SNRPE-201,121.848,14,2239,107.848,0.8851027509684196,more_multi,Salmon,HISAT2
ENST00000592379,AD000091.1-201,10.906,7,5,3.9060000000000006,0.35815147625160465,more_unique,Salmon,HISAT2
ENST00000629779,NA,55.867,3,279,52.867,0.9463010363899976,more_multi,Salmon,HISAT2
ENST00000422065,NA,31.611,8,77,23.611,0.7469235392743032,more_multi,Salmon,HISAT2
ENST00000446219,NA,30.936,8,67,22.936,0.7414016033100594,more_multi,Salmon,HISAT2
ENST00000443463,NA,37.522,11,73,26.522,0.7068386546559352,more_multi,Salmon,HISAT2
ENST00000414930,NA,70.297,7,162,63.297,0.9004224931362647,more_multi,Salmon,HISAT2
ENST00000414569,NA,48.999,12,111,36.999,0.7550970427967918,more_multi,Salmon,HISAT2
ENST00000469311,NA,130.486,17,430,113.48599999999999,0.8697178241343899,more_multi,Salmon,HISAT2
ENST00000632770,NA,68.634,1,158,67.634,0.9854299618265,more_multi,Salmon,HISAT2
ENST00000597267,MIR663AHG-214,0,0,37,0,0,NA,Salmon,HISAT2
ENST00000609248,MIR663AHG-233,0,0,26,0,0,NA,Salmon,HISAT2
ENST00000662275,MIR663AHG-299,5.393,1,31,4.393,0.8145744483589838,more_multi,Salmon,HISAT2
ENST00000668457,MIR663AHG-323,7.489,1,31,6.489,0.8664708238750167,more_multi,Salmon,HISAT2
ENST00000669316,MIR663AHG-330,79.344,61,63,18.343999999999994,0.2311958056059689,more_unique,Salmon,HISAT2
ENST00000473558,RPL21-207,98.869,64,1883,34.869,0.35267879719629003,more_unique,STAR,HISAT2
ENST00000378937,NUDT5-202,18.723,2,1545,16.723,0.893179511830369,more_multi,STAR,HISAT2
ENST00000612003,CD83-202,0,0,890,0,0,NA,STAR,HISAT2
ENST00000495499,RAC1-205,148.085,54,6676,94.08500000000001,0.635344565621096,more_multi,STAR,HISAT2
ENST00000353047,CTSB-202,102.578,30,344,72.578,0.7075396283803544,more_multi,STAR,HISAT2
ENST00000679051,CTSB-258,96.556,27,200,69.556,0.7203695264923982,more_multi,STAR,HISAT2
ENST00000453527,CTSB-204,89.271,33,172,56.271,0.6303390798803643,more_multi,STAR,HISAT2
ENST00000531551,CTSB-221,75.097,22,170,53.096999999999994,0.7070455544162882,more_multi,STAR,HISAT2
ENST00000526645,CTSB-212,85.46,25,175,60.459999999999994,0.7074654809267493,more_multi,STAR,HISAT2
ENST00000520226,DLC1-215,13.863,1,6485,12.863,0.927865541369112,more_multi,STAR,HISAT2
ENST00000649720,COL4A1-213,105.171,3,9609,102.171,0.9714750263856006,more_multi,STAR,HISAT2
ENST00000498614,COL6A1-206,57.282,8,10521,49.282,0.860340071924863,more_multi,STAR,HISAT2
ENST00000462708,GNL1-203,57.878,0,191,57.878,1,all_ambig_reads,STAR,HISAT2
ENST00000376557,PRR3-201,20.644,4,81,16.644,0.8062391009494284,more_multi,STAR,HISAT2
ENST00000484449,PPP1R10-206,56.556,0,266,56.556,1,all_ambig_reads,STAR,HISAT2
ENST00000376473,C6orf136-203,43.967,4,95,39.967,0.9090226760979826,more_multi,STAR,HISAT2
ENST00000259874,IER3-201,0,0,1664,0,0,NA,STAR,HISAT2
ENST00000376569,DDR1-226,40.548,14,90,26.548000000000002,0.6547301963105455,more_multi,STAR,HISAT2
ENST00000452441,DDR1-239,62.301,18,122,44.301,0.7110800789714451,more_multi,STAR,HISAT2
ENST00000650509,HERC2-214,3.862,1,6030,2.862,0.7410668047643708,more_multi,STAR,HISAT2
ENST00000332303,NSMCE3-201,43.889,30,1874,13.889000000000003,0.31645742669005905,more_unique,STAR,HISAT2
ENST00000460589,RPL3-208,2.186,1,3508,1.186,0.5425434583714547,more_multi,STAR,HISAT2
ENST00000362065,FAN1-201,90.142,1,438,89.142,0.9889063921368507,more_multi,STAR,HISAT2
ENST00000376148,NFKBIL1-203,26.125,1,92,25.125,0.9617224880382775,more_multi,STAR,HISAT2
ENST00000451898,BAG6-250,49.329,17,125,32.329,0.6553751343023374,more_multi,STAR,HISAT2
ENST00000424480,BAG6-240,44.617,11,150,33.617,0.7534572024116368,more_multi,STAR,HISAT2
ENST00000470753,NDUFA6-201,156.935,0,563,156.935,1,all_ambig_reads,STAR,HISAT2
ENST00000638951,TEX15-203,0,0,912,0,0,NA,STAR,HISAT2
ENST00000470083,LSM2-209,34.025,5,124,29.025,0.8530492285084497,more_multi,STAR,HISAT2
ENST00000491768,NEU1-208,63.318,11,148,52.318,0.8262737294292303,more_multi,STAR,HISAT2
ENST00000395728,EHMT2-204,90.738,11,281,79.738,0.8787718486191012,more_multi,STAR,HISAT2
ENST00000573406,C1QBP-204,39.18,16,3197,23.18,0.591628381827463,more_multi,STAR,HISAT2
ENST00000645585,RPL9-214,129.67,4,2723,125.66999999999999,0.9691524639469422,more_multi,STAR,HISAT2
ENST00000469976,LDHA-208,92.153,13,805,79.153,0.8589302572895077,more_multi,STAR,HISAT2
ENST00000325823,PDXDC1-201,103.976,1,394,102.976,0.9903823959375241,more_multi,STAR,HISAT2
ENST00000374685,RXRB-202,34.469,0,386,34.469,1,all_ambig_reads,STAR,HISAT2
ENST00000374680,RXRB-201,39.167,1,428,38.167,0.9744683023974264,more_multi,STAR,HISAT2
ENST00000472218,RPS18-231,107.18,45,828,62.18000000000001,0.5801455495428252,more_multi,STAR,HISAT2
ENST00000483151,RGL2-243,114.509,8,350,106.509,0.9301364958212892,more_multi,STAR,HISAT2
ENST00000456592,TAPBP-236,6.336,2,134,4.336,0.6843434343434344,more_multi,STAR,HISAT2
ENST00000431845,ZBTB22-208,131.312,2,339,129.312,0.9847690995491654,more_multi,STAR,HISAT2
ENST00000354312,RAD17-204,94.807,2,383,92.807,0.9789045112702649,more_multi,STAR,HISAT2
ENST00000436129,TAF4-202,0,0,3134,0,0,NA,STAR,HISAT2
ENST00000584441,RPL26-210,79.727,37,2503,42.727000000000004,0.5359163144229684,more_multi,STAR,HISAT2
ENST00000470973,GLO1-202,48.007,9,17999,39.007,0.8125273397629512,more_multi,STAR,HISAT2
ENST00000514918,NSA2-203,31.746,5,2229,26.746,0.8424998424998424,more_multi,STAR,HISAT2
ENST00000498703,PTEN-205,19.684,5,996,14.684000000000001,0.7459865880918513,more_multi,STAR,HISAT2
ENST00000371489,MYOF-204,7.298,2,4979,5.298,0.7259523157029323,more_multi,STAR,HISAT2
ENST00000492324,VDAC1-207,24.93,2,3485,22.93,0.9197753710389089,more_multi,STAR,HISAT2
ENST00000584583,RPL23-210,117.651,40,6747,77.651,0.6600113896184477,more_multi,STAR,HISAT2
ENST00000531743,FAU-209,44.919,6,8448,38.919,0.8664262338876645,more_multi,STAR,HISAT2
ENST00000595804,HNRNPL-205,36.146,1,1033,35.146,0.9723344215127538,more_multi,STAR,HISAT2
ENST00000532400,EEF1D-243,51.998,4,179,47.998,0.9230739643832455,more_multi,STAR,HISAT2
ENST00000553400,DDX24-203,107.149,0,399,107.149,1,all_ambig_reads,STAR,HISAT2
ENST00000551679,HNRNPA1-212,105.404,10,646,95.404,0.9051269401540738,more_multi,STAR,HISAT2
ENST00000560833,RCN2-206,0,0,806,0,0,NA,STAR,HISAT2
ENST00000526054,VPS28-204,105.634,1,318,104.634,0.9905333510044114,more_multi,STAR,HISAT2
ENST00000292510,VPS28-201,78.32,0,337,78.32,1,all_ambig_reads,STAR,HISAT2
ENST00000533397,RPL8-213,31.51,9,11815,22.51,0.7143763884481117,more_multi,STAR,HISAT2
ENST00000560612,RPS17-205,85.187,19,5210,66.187,0.7769612734337399,more_multi,STAR,HISAT2
ENST00000559273,RPS17-202,62.343,4,2835,58.343,0.93583882713376,more_multi,STAR,HISAT2
ENST00000254730,EEFSEC-201,75.519,0,524,75.519,1,all_ambig_reads,STAR,HISAT2
ENST00000519955,NPM1-206,3.764,2,1128,1.7639999999999998,0.46865037194473963,more_unique,STAR,HISAT2
ENST00000452368,RPL13-204,83.906,6,10806,77.906,0.9284914070507473,more_multi,STAR,HISAT2
ENST00000547969,NAP1L1-210,26.754,11,1497,15.754000000000001,0.5888465276220378,more_multi,STAR,HISAT2
ENST00000547014,NUDT4-204,135,6,1983,129,0.9555555555555556,more_multi,STAR,HISAT2
ENST00000680728,CCDC82-235,104.949,9,271,95.949,0.914244061401252,more_multi,STAR,HISAT2
ENST00000419113,NDUFA3-206,37.812,6,312,31.811999999999998,0.8413202158045064,more_multi,STAR,HISAT2
ENST00000391763,NDUFA3-203,78.468,3,242,75.468,0.9617678544119896,more_multi,STAR,HISAT2
ENST00000222224,LENG1-201,13.058,7,239,6.058,0.4639301577576964,more_unique,STAR,HISAT2
ENST00000391754,MBOAT7-203,123.307,18,380,105.307,0.8540228859675444,more_multi,STAR,HISAT2
ENST00000460761,RPS9-210,109.51,23,322,86.51,0.7899735184001461,more_multi,STAR,HISAT2
ENST00000586057,TIMP2-204,0,0,15175,0,0,NA,STAR,HISAT2
ENST00000570778,METRNL-202,74.418,1,593,73.418,0.9865623908194254,more_multi,STAR,HISAT2
ENST00000435128,ANXA2P2-201,39.401,29,916,10.401000000000003,0.2639780716225477,more_unique,STAR,HISAT2
ENST00000436882,HMGN2P5-201,101.596,0,1766,101.596,1,all_ambig_reads,STAR,HISAT2
ENST00000394878,RPLP0P6-201,51.399,34,5092,17.399,0.3385085312943832,more_unique,STAR,HISAT2
ENST00000428832,EIF4A1P10-201,8.455,8,398,0.45500000000000007,0.05381431105854525,more_unique,STAR,HISAT2
ENST00000519669,KRT8P3-201,8.236,7,354,1.2360000000000007,0.15007285089849448,more_unique,STAR,HISAT2
ENST00000445822,YBX1P1-201,40.704,31,5468,9.704,0.2384040880503145,more_unique,STAR,HISAT2
ENST00000502784,NPM1P27-201,49.569,29,2229,20.569000000000003,0.41495692872561485,more_unique,STAR,HISAT2
ENST00000484430,RPS3AP6-201,63.027,20,13439,43.027,0.6826756786773922,more_multi,STAR,HISAT2
ENST00000477943,RPL7AP6-201,25.2,14,3546,11.2,0.4444444444444444,more_unique,STAR,HISAT2
ENST00000571702,RPS7P1-201,17.205,9,3570,8.204999999999998,0.47689625108979944,more_unique,STAR,HISAT2
ENST00000484897,RPSAP58-201,66.817,27,11442,39.81699999999999,0.5959112201984524,more_multi,STAR,HISAT2
ENST00000484568,RPL14P1-201,119.38,72,2402,47.379999999999995,0.396883900150779,more_unique,STAR,HISAT2
ENST00000548270,AC012085.1-201,13.968,3,8205,10.968,0.7852233676975945,more_multi,STAR,HISAT2
ENST00000422486,RPL4P4-201,27.294,24,3085,3.2940000000000005,0.1206858650252803,more_unique,STAR,HISAT2
ENST00000404582,MORF4L1P1-201,11.489,7,889,4.489000000000001,0.3907215597528071,more_unique,STAR,HISAT2
ENST00000489915,RPL6P27-201,9.968,4,8130,5.968,0.5987158908507223,more_multi,STAR,HISAT2
ENST00000471856,PDIA3P1-202,49.196,21,2605,28.195999999999998,0.57313602731929425,more_multi,STAR,HISAT2
ENST00000454269,HCG18-240,14.842,5,30,9.842,0.6631181781431074,more_multi,STAR,HISAT2
ENST00000375635,SNHG32-202,67.589,13,209,54.589,0.807661009927651,more_multi,STAR,HISAT2
ENST00000666607,SNHG5-263,87.008,19,207,68.008,0.7816292754689224,more_multi,STAR,HISAT2
